{"cameraMode":{"drawMode":0,"name":"Shaded","section":"Shading Mode"},"sceneLighting":false,"audioPlay":false,"sceneViewState":{"showFog":true,"showMaterialUpdate":false,"showSkybox":true,"showFlares":true,"showImageEffects":true,"showParticleSystems":true},"in2DMode":false,"pivot":{"x":73.2300033569336,"y":-1.9931447505950928,"z":36.02496337890625},"rotation":{"x":-0.5110322833061218,"y":0.10546185076236725,"z":-0.06335055083036423,"w":-0.8507118225097656},"size":3.613809823989868,"orthographic":false}